{"tiny": {"n_params": 1874688, "final_val_loss": 0.8474703192710876, "wall_time": 56.87743926048279, "train_losses": [8.46437931060791, 1.6273887157440186, 1.0304253101348877, 0.9927939176559448, 1.0625767707824707, 0.91595458984375, 0.9245710372924805, 0.853592038154602, 0.9438142776489258, 0.8236420154571533, 0.8366281986236572], "val_losses": [8.457361555099487, 1.517018461227417, 1.1371343672275542, 0.9845617353916168, 0.9442566573619843, 0.9465619027614594, 0.9161191344261169, 0.8896210223436356, 0.891821900010109, 0.8598201751708985, 0.8474703192710876], "log_iters": [0, 200, 400, 600, 800, 1000, 1200, 1400, 1600, 1800, 1999]}, "small": {"n_params": 4291584, "final_val_loss": 0.9273400485515595, "wall_time": 120.19867372512817, "train_losses": [8.512029647827148, 1.7325000762939453, 1.5545005798339844, 1.5277501344680786, 1.6346924304962158, 1.387183427810669, 1.1050151586532593, 1.016859531402588, 0.8898333311080933, 1.072511911392212, 0.9114994406700134], "val_losses": [8.509133577346802, 1.7403517603874206, 1.6276129007339477, 1.5940354585647583, 1.5071546852588653, 1.3474485337734223, 1.1233592629432678, 1.0420189529657364, 0.9801332354545593, 0.9579987794160842, 0.9273400485515595], "log_iters": [0, 200, 400, 600, 800, 1000, 1200, 1400, 1600, 1800, 1999]}, "medium": {"n_params": 13891584, "final_val_loss": 1.5144080102443696, "wall_time": 254.22509622573853, "train_losses": [8.48139762878418, 2.03424072265625, 2.0200212001800537, 1.9446063041687012, 1.8130159378051758, 1.748453140258789, 1.6693036556243896, 1.4423580169677734, 1.4513576030731201, 1.524104118347168, 1.5640082359313965], "val_losses": [8.478137540817261, 1.9999704301357268, 1.9916006207466126, 1.8946152448654174, 1.7623711585998536, 1.7034663259983063, 1.6965010225772859, 1.5181665480136872, 1.517848640680313, 1.5035047948360443, 1.5144080102443696], "log_iters": [0, 200, 400, 600, 800, 1000, 1200, 1400, 1600, 1800, 1999]}, "large": {"n_params": 35850240, "final_val_loss": 0.5966676324605942, "wall_time": 0, "train_losses": [8.460159301757812, 2.0870020389556885, 1.898087978363037, 1.6345173120498657, 1.6030380725860596, 1.4810594320297241, 1.1837034225463867, 0.9595139026641846, 0.8961477875709534, 0.8627941608428955, 0.7860469818115234, 0.7553526163101196, 0.7426716089248657, 0.7709673643112183, 0.7389004230499268, 0.6986290216445923, 0.7003815174102783, 0.7061184644699097, 0.6981971859931946, 0.679288387298584, 0.6819726228713989, 0.6755578517913818, 0.7054067254066467, 0.6393246650695801, 0.6188336610794067, 0.6808696985244751, 0.6795476675033569, 0.632074236869812, 0.6199420690536499, 0.6579029560089111, 0.6035655736923218, 0.5862475633621216, 0.6485869884490967, 0.5839241743087769, 0.6043968796730042], "val_losses": [8.462360668182374, 2.095951700210571, 1.8849589228630066, 1.641901820898056, 1.6301299154758453, 1.4961760938167572, 1.2180549263954163, 0.9596763402223587, 0.8699605405330658, 0.8244534701108932, 0.7991377234458923, 0.7667860239744186, 0.7559685617685318, 0.7330906003713608, 0.7256154447793961, 0.7230369925498963, 0.7017013490200043, 0.7007828503847122, 0.6916152685880661, 0.6880901843309403, 0.6815996259450913, 0.6695437222719193, 0.6588864773511887, 0.6574275106191635, 0.648808816075325, 0.6409791052341461, 0.6351455271244049, 0.6337779790163041, 0.6290707409381866, 0.6157287120819092, 0.6193613529205322, 0.6142640948295593, 0.6133614420890808, 0.6074211180210114, 0.5966676324605942], "log_iters": [0, 500, 1000, 1500, 2000, 2500, 3000, 3500, 4000, 4500, 5000, 5500, 6000, 6500, 7000, 7500, 8000, 8500, 9000, 9500, 10000, 10500, 11000, 11500, 12000, 12500, 13000, 13500, 14000, 14500, 15000, 15500, 16000, 16500, 16912]}, "xl": {"n_params": 91544064, "final_val_loss": 1.625273084640503, "wall_time": 1516.8011076450348, "train_losses": [8.496222496032715, 2.6720166206359863, 2.002092123031616, 2.1115894317626953, 2.0243139266967773, 2.177058219909668, 2.069955825805664, 1.8457425832748413, 1.6729700565338135, 1.6028144359588623, 1.7545387744903564], "val_losses": [8.495743656158448, 2.352331209182739, 2.0135289251804354, 2.0259097635746004, 2.0052739441394807, 2.158735418319702, 2.0460078954696654, 1.8279254198074342, 1.7066283822059631, 1.6486793339252472, 1.625273084640503], "log_iters": [0, 200, 400, 600, 800, 1000, 1200, 1400, 1600, 1800, 1999]}}